tanggal,wilayah,komoditas,satuan,harga,sumber,source_url,accessed_at,http_status
2026-09-24,Kota Malang,Beras Medium,kg,14400,sp2kp,https://api-sp2kp.kemendag.go.id/report/api/average-price/generate-perbandingan-harga,2026-09-28T19:24:17+07:00,200
2026-09-24,Kota Malang,Telur Ayam Ras,kg,24500,sp2kp,https://api-sp2kp.kemendag.go.id/report/api/average-price/generate-perbandingan-harga,2026-09-28T19:24:17+07:00,200
2026-09-24,Kota Malang,Cabai Merah Keriting,kg,43000,sp2kp,https://api-sp2kp.kemendag.go.id/report/api/average-price/generate-perbandingan-harga,2026-09-28T19:24:17+07:00,200
2026-09-24,Kota Malang,Cabai Rawit Merah,kg,60000,sp2kp,https://api-sp2kp.kemendag.go.id/report/api/average-price/generate-perbandingan-harga,2026-09-28T19:24:17+07:00,200
2026-09-24,Kota Malang,Bawang Merah,kg,25000,sp2kp,https://api-sp2kp.kemendag.go.id/report/api/average-price/generate-perbandingan-harga,2026-09-28T19:24:17+07:00,200
2026-09-24,Nasional,Beras Medium,kg,14028,sp2kp,https://api-sp2kp.kemendag.go.id/report/api/average-price/generate-perbandingan-harga,2026-09-28T19:24:18+07:00,200
2026-09-24,Nasional,Telur Ayam Ras,kg,27113,sp2kp,https://api-sp2kp.kemendag.go.id/report/api/average-price/generate-perbandingan-harga,2026-09-28T19:24:18+07:00,200
2026-09-24,Nasional,Cabai Merah Keriting,kg,56047,sp2kp,https://api-sp2kp.kemendag.go.id/report/api/average-price/generate-perbandingan-harga,2026-09-28T19:24:18+07:00,200
2026-09-24,Nasional,Cabai Rawit Merah,kg,75156,sp2kp,https://api-sp2kp.kemendag.go.id/report/api/average-price/generate-perbandingan-harga,2026-09-28T19:24:18+07:00,200
2026-09-24,Nasional,Bawang Merah,kg,32634,sp2kp,https://api-sp2kp.kemendag.go.id/report/api/average-price/generate-perbandingan-harga,2026-09-28T19:24:18+07:00,200
